-- --------------------------------------------------------
-- Хост:                         127.0.0.1
-- Версия сервера:               11.1.0-MariaDB - mariadb.org binary distribution
-- Операционная система:         Win64
-- HeidiSQL Версия:              12.5.0.6677
-- --------------------------------------------------------

/*!40101 SET @OLD_CHARACTER_SET_CLIENT=@@CHARACTER_SET_CLIENT */;
/*!40101 SET NAMES utf8 */;
/*!50503 SET NAMES utf8mb4 */;
/*!40103 SET @OLD_TIME_ZONE=@@TIME_ZONE */;
/*!40103 SET TIME_ZONE='+00:00' */;
/*!40014 SET @OLD_FOREIGN_KEY_CHECKS=@@FOREIGN_KEY_CHECKS, FOREIGN_KEY_CHECKS=0 */;
/*!40101 SET @OLD_SQL_MODE=@@SQL_MODE, SQL_MODE='NO_AUTO_VALUE_ON_ZERO' */;
/*!40111 SET @OLD_SQL_NOTES=@@SQL_NOTES, SQL_NOTES=0 */;

-- Дамп данных таблицы production_unit.auth_group: ~5 rows (приблизительно)
INSERT INTO `auth_group` (`id`, `name`) VALUES
	(5, 'accounts'),
	(1, 'admin'),
	(3, 'logistic'),
	(4, 'opertations'),
	(2, 'production');

-- Дамп данных таблицы production_unit.auth_group_permissions: ~306 rows (приблизительно)
INSERT INTO `auth_group_permissions` (`id`, `group_id`, `permission_id`) VALUES
	(1, 1, 1),
	(2, 1, 2),
	(3, 1, 3),
	(4, 1, 4),
	(5, 1, 5),
	(6, 1, 6),
	(7, 1, 7),
	(8, 1, 8),
	(9, 1, 9),
	(10, 1, 10),
	(11, 1, 11),
	(12, 1, 12),
	(13, 1, 13),
	(14, 1, 14),
	(15, 1, 15),
	(16, 1, 16),
	(17, 1, 17),
	(18, 1, 18),
	(19, 1, 19),
	(20, 1, 20),
	(21, 1, 21),
	(22, 1, 22),
	(23, 1, 23),
	(24, 1, 24),
	(25, 1, 25),
	(26, 1, 26),
	(27, 1, 27),
	(28, 1, 28),
	(29, 1, 29),
	(30, 1, 30),
	(31, 1, 31),
	(32, 1, 32),
	(33, 1, 33),
	(34, 1, 34),
	(35, 1, 35),
	(36, 1, 36),
	(37, 1, 37),
	(38, 1, 38),
	(39, 1, 39),
	(40, 1, 40),
	(41, 1, 41),
	(42, 1, 42),
	(43, 1, 43),
	(44, 1, 44),
	(45, 1, 45),
	(46, 1, 46),
	(47, 1, 47),
	(48, 1, 48),
	(49, 1, 49),
	(50, 1, 50),
	(51, 1, 51),
	(52, 1, 52),
	(53, 1, 53),
	(54, 1, 54),
	(55, 1, 55),
	(56, 1, 56),
	(57, 1, 57),
	(58, 1, 58),
	(59, 1, 59),
	(60, 1, 60),
	(61, 1, 61),
	(62, 1, 62),
	(63, 1, 63),
	(64, 1, 64),
	(65, 1, 65),
	(66, 1, 66),
	(67, 1, 67),
	(68, 1, 68),
	(69, 1, 69),
	(70, 1, 70),
	(71, 1, 71),
	(72, 1, 72),
	(73, 1, 73),
	(74, 1, 74),
	(75, 1, 75),
	(76, 1, 76),
	(77, 1, 77),
	(78, 1, 78),
	(79, 1, 79),
	(80, 1, 80),
	(81, 1, 81),
	(82, 1, 82),
	(83, 1, 83),
	(84, 1, 84),
	(85, 1, 85),
	(86, 1, 86),
	(87, 1, 87),
	(88, 1, 88),
	(89, 1, 89),
	(90, 1, 90),
	(91, 1, 91),
	(92, 1, 92),
	(93, 1, 93),
	(94, 1, 94),
	(95, 1, 95),
	(96, 1, 96),
	(97, 2, 4),
	(98, 2, 8),
	(99, 2, 12),
	(100, 2, 16),
	(101, 2, 17),
	(102, 2, 20),
	(103, 2, 21),
	(104, 2, 24),
	(105, 2, 25),
	(106, 2, 26),
	(107, 2, 28),
	(108, 2, 32),
	(109, 2, 36),
	(110, 2, 40),
	(111, 2, 44),
	(112, 2, 48),
	(113, 2, 60),
	(114, 2, 64),
	(115, 2, 72),
	(116, 2, 73),
	(117, 2, 76),
	(118, 2, 77),
	(119, 2, 80),
	(120, 2, 81),
	(121, 2, 82),
	(122, 2, 84),
	(123, 2, 85),
	(124, 2, 86),
	(125, 2, 88),
	(126, 2, 92),
	(127, 2, 93),
	(128, 2, 96),
	(129, 3, 1),
	(130, 3, 2),
	(131, 3, 4),
	(132, 3, 5),
	(133, 3, 6),
	(134, 3, 8),
	(135, 3, 9),
	(136, 3, 10),
	(137, 3, 12),
	(138, 3, 13),
	(139, 3, 14),
	(140, 3, 16),
	(141, 3, 17),
	(142, 3, 18),
	(143, 3, 20),
	(144, 3, 21),
	(145, 3, 24),
	(146, 3, 25),
	(147, 3, 26),
	(148, 3, 28),
	(149, 3, 29),
	(150, 3, 30),
	(151, 3, 32),
	(152, 3, 33),
	(153, 3, 34),
	(154, 3, 36),
	(155, 3, 37),
	(156, 3, 38),
	(157, 3, 40),
	(158, 3, 41),
	(159, 3, 42),
	(160, 3, 44),
	(161, 3, 45),
	(162, 3, 46),
	(163, 3, 48),
	(164, 3, 60),
	(165, 3, 64),
	(166, 3, 68),
	(167, 3, 75),
	(168, 3, 77),
	(169, 3, 78),
	(170, 3, 80),
	(171, 3, 84),
	(172, 3, 88),
	(175, 3, 92),
	(176, 3, 96),
	(177, 4, 1),
	(178, 4, 2),
	(179, 4, 3),
	(180, 4, 4),
	(181, 4, 5),
	(182, 4, 6),
	(183, 4, 7),
	(184, 4, 8),
	(185, 4, 9),
	(186, 4, 10),
	(187, 4, 11),
	(188, 4, 12),
	(189, 4, 13),
	(190, 4, 14),
	(191, 4, 15),
	(192, 4, 16),
	(193, 4, 17),
	(194, 4, 18),
	(195, 4, 19),
	(196, 4, 20),
	(197, 4, 21),
	(198, 4, 22),
	(199, 4, 23),
	(200, 4, 24),
	(201, 4, 25),
	(202, 4, 26),
	(203, 4, 27),
	(204, 4, 28),
	(205, 4, 29),
	(206, 4, 30),
	(207, 4, 31),
	(208, 4, 32),
	(209, 4, 33),
	(210, 4, 34),
	(211, 4, 35),
	(212, 4, 36),
	(213, 4, 37),
	(214, 4, 38),
	(215, 4, 39),
	(216, 4, 40),
	(217, 4, 41),
	(218, 4, 42),
	(219, 4, 43),
	(220, 4, 44),
	(221, 4, 45),
	(222, 4, 46),
	(223, 4, 47),
	(224, 4, 48),
	(225, 4, 56),
	(226, 4, 57),
	(227, 4, 60),
	(228, 4, 61),
	(229, 4, 64),
	(230, 4, 73),
	(231, 4, 74),
	(232, 4, 75),
	(233, 4, 76),
	(234, 4, 77),
	(235, 4, 78),
	(236, 4, 79),
	(237, 4, 80),
	(238, 4, 81),
	(239, 4, 82),
	(240, 4, 83),
	(241, 4, 84),
	(242, 4, 85),
	(243, 4, 86),
	(244, 4, 87),
	(245, 4, 88),
	(246, 4, 89),
	(247, 4, 90),
	(248, 4, 91),
	(249, 4, 92),
	(250, 4, 93),
	(251, 4, 94),
	(252, 4, 95),
	(253, 4, 96),
	(254, 4, 97),
	(255, 4, 98),
	(256, 4, 99),
	(257, 4, 100),
	(258, 4, 101),
	(259, 4, 102),
	(260, 4, 103),
	(261, 4, 104),
	(262, 4, 105),
	(263, 4, 106),
	(264, 4, 107),
	(265, 4, 108),
	(266, 4, 109),
	(267, 4, 110),
	(268, 4, 111),
	(269, 4, 112),
	(270, 4, 113),
	(271, 4, 114),
	(272, 4, 115),
	(273, 4, 116),
	(274, 5, 1),
	(275, 5, 4),
	(276, 5, 5),
	(277, 5, 8),
	(278, 5, 9),
	(279, 5, 12),
	(280, 5, 13),
	(281, 5, 16),
	(282, 5, 17),
	(283, 5, 20),
	(284, 5, 21),
	(285, 5, 24),
	(286, 5, 28),
	(287, 5, 29),
	(288, 5, 32),
	(289, 5, 33),
	(290, 5, 36),
	(291, 5, 37),
	(292, 5, 40),
	(293, 5, 41),
	(294, 5, 44),
	(295, 5, 48),
	(296, 5, 64),
	(297, 5, 73),
	(298, 5, 76),
	(299, 5, 77),
	(300, 5, 80),
	(301, 5, 84),
	(302, 5, 88),
	(303, 5, 92),
	(304, 5, 96),
	(305, 5, 100),
	(306, 5, 104),
	(307, 5, 108),
	(308, 5, 116);

-- Дамп данных таблицы production_unit.auth_permission: ~108 rows (приблизительно)
INSERT INTO `auth_permission` (`id`, `name`, `content_type_id`, `codename`) VALUES
	(1, 'Can add color scheme', 1, 'add_colorscheme'),
	(2, 'Can change color scheme', 1, 'change_colorscheme'),
	(3, 'Can delete color scheme', 1, 'delete_colorscheme'),
	(4, 'Can view color scheme', 1, 'view_colorscheme'),
	(5, 'Can add country', 2, 'add_country'),
	(6, 'Can change country', 2, 'change_country'),
	(7, 'Can delete country', 2, 'delete_country'),
	(8, 'Can view country', 2, 'view_country'),
	(9, 'Can add detail name', 3, 'add_detailname'),
	(10, 'Can change detail name', 3, 'change_detailname'),
	(11, 'Can delete detail name', 3, 'delete_detailname'),
	(12, 'Can view detail name', 3, 'view_detailname'),
	(13, 'Can add goods', 4, 'add_goods'),
	(14, 'Can change goods', 4, 'change_goods'),
	(15, 'Can delete goods', 4, 'delete_goods'),
	(16, 'Can view goods', 4, 'view_goods'),
	(17, 'Can add master batch', 5, 'add_masterbatch'),
	(18, 'Can change master batch', 5, 'change_masterbatch'),
	(19, 'Can delete master batch', 5, 'delete_masterbatch'),
	(20, 'Can view master batch', 5, 'view_masterbatch'),
	(21, 'Can add material type', 6, 'add_materialtype'),
	(22, 'Can change material type', 6, 'change_materialtype'),
	(23, 'Can delete material type', 6, 'delete_materialtype'),
	(24, 'Can view material type', 6, 'view_materialtype'),
	(25, 'Can add recipe', 7, 'add_recipe'),
	(26, 'Can change recipe', 7, 'change_recipe'),
	(27, 'Can delete recipe', 7, 'delete_recipe'),
	(28, 'Can view recipe', 7, 'view_recipe'),
	(29, 'Can add producer', 8, 'add_producer'),
	(30, 'Can change producer', 8, 'change_producer'),
	(31, 'Can delete producer', 8, 'delete_producer'),
	(32, 'Can view producer', 8, 'view_producer'),
	(33, 'Can add main material', 9, 'add_mainmaterial'),
	(34, 'Can change main material', 9, 'change_mainmaterial'),
	(35, 'Can delete main material', 9, 'delete_mainmaterial'),
	(36, 'Can view main material', 9, 'view_mainmaterial'),
	(37, 'Can add detail in goods', 10, 'add_detailingoods'),
	(38, 'Can change detail in goods', 10, 'change_detailingoods'),
	(39, 'Can delete detail in goods', 10, 'delete_detailingoods'),
	(40, 'Can view detail in goods', 10, 'view_detailingoods'),
	(41, 'Can add color', 11, 'add_color'),
	(42, 'Can change color', 11, 'change_color'),
	(43, 'Can delete color', 11, 'delete_color'),
	(44, 'Can view color', 11, 'view_color'),
	(45, 'Can add add material', 12, 'add_addmaterial'),
	(46, 'Can change add material', 12, 'change_addmaterial'),
	(47, 'Can delete add material', 12, 'delete_addmaterial'),
	(48, 'Can view add material', 12, 'view_addmaterial'),
	(49, 'Can add log entry', 13, 'add_logentry'),
	(50, 'Can change log entry', 13, 'change_logentry'),
	(51, 'Can delete log entry', 13, 'delete_logentry'),
	(52, 'Can view log entry', 13, 'view_logentry'),
	(53, 'Can add permission', 14, 'add_permission'),
	(54, 'Can change permission', 14, 'change_permission'),
	(55, 'Can delete permission', 14, 'delete_permission'),
	(56, 'Can view permission', 14, 'view_permission'),
	(57, 'Can add group', 15, 'add_group'),
	(58, 'Can change group', 15, 'change_group'),
	(59, 'Can delete group', 15, 'delete_group'),
	(60, 'Can view group', 15, 'view_group'),
	(61, 'Can add user', 16, 'add_user'),
	(62, 'Can change user', 16, 'change_user'),
	(63, 'Can delete user', 16, 'delete_user'),
	(64, 'Can view user', 16, 'view_user'),
	(65, 'Can add content type', 17, 'add_contenttype'),
	(66, 'Can change content type', 17, 'change_contenttype'),
	(67, 'Can delete content type', 17, 'delete_contenttype'),
	(68, 'Can view content type', 17, 'view_contenttype'),
	(69, 'Can add session', 18, 'add_session'),
	(70, 'Can change session', 18, 'change_session'),
	(71, 'Can delete session', 18, 'delete_session'),
	(72, 'Can view session', 18, 'view_session'),
	(73, 'Can add imm', 19, 'add_imm'),
	(74, 'Can change imm', 19, 'change_imm'),
	(75, 'Can delete imm', 19, 'delete_imm'),
	(76, 'Can view imm', 19, 'view_imm'),
	(77, 'Can add production request', 20, 'add_productionrequest'),
	(78, 'Can change production request', 20, 'change_productionrequest'),
	(79, 'Can delete production request', 20, 'delete_productionrequest'),
	(80, 'Can view production request', 20, 'view_productionrequest'),
	(81, 'Can add production request start stop', 21, 'add_productionrequeststartstop'),
	(82, 'Can change production request start stop', 21, 'change_productionrequeststartstop'),
	(83, 'Can delete production request start stop', 21, 'delete_productionrequeststartstop'),
	(84, 'Can view production request start stop', 21, 'view_productionrequeststartstop'),
	(85, 'Can add production report', 22, 'add_productionreport'),
	(86, 'Can change production report', 22, 'change_productionreport'),
	(87, 'Can delete production report', 22, 'delete_productionreport'),
	(88, 'Can view production report', 22, 'view_productionreport'),
	(89, 'Can add quality report', 23, 'add_qualityreport'),
	(90, 'Can change quality report', 23, 'change_qualityreport'),
	(91, 'Can delete quality report', 23, 'delete_qualityreport'),
	(92, 'Can view quality report', 23, 'view_qualityreport'),
	(93, 'Can add production for request', 24, 'add_productionforrequest'),
	(94, 'Can change production for request', 24, 'change_productionforrequest'),
	(95, 'Can delete production for request', 24, 'delete_productionforrequest'),
	(96, 'Can view production for request', 24, 'view_productionforrequest'),
	(97, 'Can add defect event', 25, 'add_defectevent'),
	(98, 'Can change defect event', 25, 'change_defectevent'),
	(99, 'Can delete defect event', 25, 'delete_defectevent'),
	(100, 'Can view defect event', 25, 'view_defectevent'),
	(101, 'Can add quality report defects', 26, 'add_qualityreportdefects'),
	(102, 'Can change quality report defects', 26, 'change_qualityreportdefects'),
	(103, 'Can delete quality report defects', 26, 'delete_qualityreportdefects'),
	(104, 'Can view quality report defects', 26, 'view_qualityreportdefects'),
	(105, 'Can add defects', 27, 'add_defects'),
	(106, 'Can change defects', 27, 'change_defects'),
	(107, 'Can delete defects', 27, 'delete_defects'),
	(108, 'Can view defects', 27, 'view_defects'),
	(109, 'Can add quality for requests', 28, 'add_qualityforrequests'),
	(110, 'Can change quality for requests', 28, 'change_qualityforrequests'),
	(111, 'Can delete quality for requests', 28, 'delete_qualityforrequests'),
	(112, 'Can view quality for requests', 28, 'view_qualityforrequests'),
	(113, 'Can add quality for request', 28, 'add_qualityforrequest'),
	(114, 'Can change quality for request', 28, 'change_qualityforrequest'),
	(115, 'Can delete quality for request', 28, 'delete_qualityforrequest'),
	(116, 'Can view quality for request', 28, 'view_qualityforrequest');

-- Дамп данных таблицы production_unit.auth_user: ~11 rows (приблизительно)
INSERT INTO `auth_user` (`id`, `password`, `last_login`, `is_superuser`, `username`, `first_name`, `last_name`, `email`, `is_staff`, `is_active`, `date_joined`) VALUES
	(1, 'pbkdf2_sha256$600000$f0QyM9DP8cDKcm4SVXxfwa$iRt8cgp8yGclsMMtnma6Be7AX/JQsfr1GtukOvUbro0=', '2023-10-29 19:40:47.000000', 1, 'ilya', 'Илья', 'Цигельницкий', 'tsigel@vikivostok.ru', 1, 1, '2023-10-13 22:19:42.000000'),
	(2, 'pbkdf2_sha256$600000$djjHiJym61k6su4Fl1XHK2$6fp+oqHi7690AZF1sNRIuHe0JfYjGJJaIhT4mYFAeN8=', '2023-10-29 19:24:03.690934', 0, 'IGuseynov', 'Илья', 'Гусейнов', 'iguseinov@vikivostok.ru', 1, 1, '2023-10-29 17:26:37.000000'),
	(3, 'pbkdf2_sha256$600000$LuQKQ5Nc9sFsMRxGPVln2r$OvIFH5Jhme+NYlynycKsJK/+93QAYljypfYpIyGhHQg=', '2023-10-29 18:04:50.559092', 0, 'AChikov', 'Алексей', 'Чиков', 'pokrepa@vikivostok.ru', 1, 1, '2023-10-29 17:29:41.000000'),
	(4, 'pbkdf2_sha256$600000$sSYhmIrXuYbp1kHOLBVVJf$VDn5nKs7aYAkuB8uzgL/vPSjMZqLQSfJBgV8cc3creU=', NULL, 0, 'IPolkovnikova', 'Ирина', 'Полковникова', 'ipolkovnikova@vikivostok.ru', 1, 1, '2023-10-29 17:31:34.000000'),
	(5, 'pbkdf2_sha256$600000$Gyt2MHtPQBux2yAA4Iox4i$P/b2YRoPLnT3Lby7w/7wgbHSwD8VnihUHOB/yM+X7gc=', NULL, 0, 'AGavrilyuk', 'Андрей', 'Гаврилюк', 'agavriluk@vikivostok.ru', 1, 1, '2023-10-29 17:33:35.000000'),
	(6, 'pbkdf2_sha256$600000$PmbjaS5fGIQjKm1TZXmdAg$EtUeDen9gH866g1VaS5AI0PMqGaZwzLyrMMKnF9olFY=', '2023-10-29 18:08:30.732958', 0, 'SEpifanov', 'Сергей', 'Епифанов', '', 1, 1, '2023-10-29 17:37:37.000000'),
	(7, 'pbkdf2_sha256$600000$FsqeEtqV8cbh6TiPYfu9WN$z5YRkzzvuEVCOoX3JZIX6rdrvO9mpwCSpl50pK5c/VU=', NULL, 0, 'AKirienko', 'Андрей', 'Кириенко', '', 1, 1, '2023-10-29 17:38:46.000000'),
	(8, 'pbkdf2_sha256$600000$kfH04LxxGWHx8lGYikopkx$eLG/gZ/hte5dK0Pftl4KzlZK+duTXQ4oCLvJz33Nr00=', '2023-10-29 18:59:43.071309', 0, 'JKuzmina', 'Юлия', 'Кузьмина', 'jkuzmina@vikivostok.ru', 1, 1, '2023-10-29 17:40:07.000000'),
	(9, 'pbkdf2_sha256$600000$cjbD7Bz6On1YPkW0PIFXll$zG52zA3IQXCJlnUOF+vMy9ZjFyf4JH9JlJEwxXtF38Y=', NULL, 0, 'VKoshlakova', 'Виктория', 'Кошлакова', 'victory@vikivostok.ru', 1, 1, '2023-10-29 17:45:35.000000'),
	(10, 'pbkdf2_sha256$600000$BtAxQeL9ybboQ7Kjot5Lnq$pecQCeAJ4P933xN/h4qkwCUZQXc64Cp+6y6Xp1K3bVw=', NULL, 0, 'EMarusenkova', 'Елена', 'Макрусенкова', 'helen@vikivostok.ru', 1, 1, '2023-10-29 17:47:06.000000'),
	(11, 'pbkdf2_sha256$600000$SgcJiPBcKITpJ8cK7SIBpU$+LPMzjBZ1gnuDhWvNdxflJvTKyc6pOzJKs4o/sNx3Go=', NULL, 0, 'JAvakova', 'Юлия', 'Авакова', 'jk@vikivostok.ru', 1, 1, '2023-10-29 17:48:29.000000');

-- Дамп данных таблицы production_unit.auth_user_groups: ~11 rows (приблизительно)
INSERT INTO `auth_user_groups` (`id`, `user_id`, `group_id`) VALUES
	(1, 1, 1),
	(2, 2, 4),
	(3, 3, 3),
	(4, 4, 3),
	(5, 5, 4),
	(6, 6, 2),
	(7, 7, 2),
	(12, 8, 4),
	(9, 9, 5),
	(10, 10, 5),
	(11, 11, 5);

-- Дамп данных таблицы production_unit.auth_user_user_permissions: ~0 rows (приблизительно)

-- Дамп данных таблицы production_unit.django_admin_log: ~34 rows (приблизительно)
INSERT INTO `django_admin_log` (`id`, `action_time`, `object_id`, `object_repr`, `action_flag`, `change_message`, `content_type_id`, `user_id`) VALUES
	(1, '2023-10-22 09:43:14.642335', '1', 'admin', 1, '[{"added": {}}]', 15, 1),
	(2, '2023-10-22 09:49:16.963501', '2', 'production', 1, '[{"added": {}}]', 15, 1),
	(3, '2023-10-22 09:52:15.344642', '3', 'logistic', 1, '[{"added": {}}]', 15, 1),
	(4, '2023-10-22 09:52:49.335699', '1', 'ilya', 2, '[{"changed": {"fields": ["Groups"]}}]', 16, 1),
	(5, '2023-10-22 09:53:35.463666', '3', 'logistic', 2, '[{"changed": {"fields": ["Permissions"]}}]', 15, 1),
	(6, '2023-10-29 15:21:49.728524', '4', 'opertations', 1, '[{"added": {}}]', 15, 1),
	(7, '2023-10-29 17:26:38.151626', '2', 'IGuseynov', 1, '[{"added": {}}]', 16, 1),
	(8, '2023-10-29 17:28:00.195088', '2', 'IGuseynov', 2, '[{"changed": {"fields": ["First name", "Last name", "Email address", "Staff status", "Groups"]}}]', 16, 1),
	(9, '2023-10-29 17:29:42.127743', '3', 'AChikov', 1, '[{"added": {}}]', 16, 1),
	(10, '2023-10-29 17:30:30.413900', '3', 'AChikov', 2, '[{"changed": {"fields": ["First name", "Last name", "Email address", "Staff status", "Groups"]}}]', 16, 1),
	(11, '2023-10-29 17:31:34.441868', '4', 'IPolkovnikova', 1, '[{"added": {}}]', 16, 1),
	(12, '2023-10-29 17:32:38.914208', '4', 'IPolkovnikova', 2, '[{"changed": {"fields": ["First name", "Last name", "Email address", "Staff status", "Groups"]}}]', 16, 1),
	(13, '2023-10-29 17:33:36.160475', '5', 'AGavrilyuk', 1, '[{"added": {}}]', 16, 1),
	(14, '2023-10-29 17:35:05.525662', '5', 'AGavrilyuk', 2, '[{"changed": {"fields": ["First name", "Last name", "Email address", "Staff status", "Groups"]}}]', 16, 1),
	(15, '2023-10-29 17:36:33.209785', '5', 'AGavrilyuk', 2, '[{"changed": {"fields": ["password"]}}]', 16, 1),
	(16, '2023-10-29 17:36:45.262486', '5', 'AGavrilyuk', 2, '[]', 16, 1),
	(17, '2023-10-29 17:37:37.822296', '6', 'SEpifanov', 1, '[{"added": {}}]', 16, 1),
	(18, '2023-10-29 17:38:01.913957', '6', 'SEpifanov', 2, '[{"changed": {"fields": ["First name", "Last name", "Staff status", "Groups"]}}]', 16, 1),
	(19, '2023-10-29 17:38:46.335579', '7', 'AKirienko', 1, '[{"added": {}}]', 16, 1),
	(20, '2023-10-29 17:39:19.365001', '7', 'AKirienko', 2, '[{"changed": {"fields": ["First name", "Last name", "Groups"]}}]', 16, 1),
	(21, '2023-10-29 17:40:07.245272', '8', 'JKuzmina', 1, '[{"added": {}}]', 16, 1),
	(22, '2023-10-29 17:40:53.330812', '8', 'JKuzmina', 2, '[{"changed": {"fields": ["First name", "Last name", "Email address", "Staff status", "Groups"]}}]', 16, 1),
	(23, '2023-10-29 17:41:11.761230', '7', 'AKirienko', 2, '[{"changed": {"fields": ["Staff status"]}}]', 16, 1),
	(24, '2023-10-29 17:41:55.148870', '1', 'ilya', 2, '[{"changed": {"fields": ["First name", "Last name"]}}]', 16, 1),
	(25, '2023-10-29 17:44:37.619118', '5', 'accounts', 1, '[{"added": {}}]', 15, 1),
	(26, '2023-10-29 17:45:35.749693', '9', 'VKoshlakova', 1, '[{"added": {}}]', 16, 1),
	(27, '2023-10-29 17:46:21.042174', '9', 'VKoshlakova', 2, '[{"changed": {"fields": ["First name", "Last name", "Email address", "Staff status", "Groups"]}}]', 16, 1),
	(28, '2023-10-29 17:47:06.319439', '10', 'EMarusenkova', 1, '[{"added": {}}]', 16, 1),
	(29, '2023-10-29 17:47:51.363774', '10', 'EMarusenkova', 2, '[{"changed": {"fields": ["First name", "Last name", "Email address", "Staff status", "Groups"]}}]', 16, 1),
	(30, '2023-10-29 17:48:29.690031', '11', 'JAvakova', 1, '[{"added": {}}]', 16, 1),
	(31, '2023-10-29 17:49:08.388080', '11', 'JAvakova', 2, '[{"changed": {"fields": ["First name", "Last name", "Email address", "Staff status", "Groups"]}}]', 16, 1),
	(32, '2023-10-29 17:50:28.790584', '8', 'JKuzmina', 2, '[{"changed": {"fields": ["Groups"]}}]', 16, 1),
	(33, '2023-10-29 19:23:07.206889', '2', 'IGuseynov', 2, '[{"changed": {"fields": ["password"]}}]', 16, 1),
	(34, '2023-10-29 19:41:15.216588', '1', 'ilya', 2, '[{"changed": {"fields": ["First name", "Last name"]}}]', 16, 1);

-- Дамп данных таблицы production_unit.django_content_type: ~27 rows (приблизительно)
INSERT INTO `django_content_type` (`id`, `app_label`, `model`) VALUES
	(13, 'admin', 'logentry'),
	(15, 'auth', 'group'),
	(14, 'auth', 'permission'),
	(16, 'auth', 'user'),
	(17, 'contenttypes', 'contenttype'),
	(12, 'production', 'addmaterial'),
	(11, 'production', 'color'),
	(1, 'production', 'colorscheme'),
	(2, 'production', 'country'),
	(25, 'production', 'defectevent'),
	(27, 'production', 'defects'),
	(10, 'production', 'detailingoods'),
	(3, 'production', 'detailname'),
	(4, 'production', 'goods'),
	(19, 'production', 'imm'),
	(9, 'production', 'mainmaterial'),
	(5, 'production', 'masterbatch'),
	(6, 'production', 'materialtype'),
	(8, 'production', 'producer'),
	(24, 'production', 'productionforrequest'),
	(22, 'production', 'productionreport'),
	(20, 'production', 'productionrequest'),
	(21, 'production', 'productionrequeststartstop'),
	(28, 'production', 'qualityforrequest'),
	(23, 'production', 'qualityreport'),
	(26, 'production', 'qualityreportdefects'),
	(7, 'production', 'recipe'),
	(18, 'sessions', 'session');

-- Дамп данных таблицы production_unit.django_migrations: ~37 rows (приблизительно)
INSERT INTO `django_migrations` (`id`, `app`, `name`, `applied`) VALUES
	(1, 'contenttypes', '0001_initial', '2023-10-13 18:17:41.928489'),
	(2, 'auth', '0001_initial', '2023-10-13 18:17:42.528692'),
	(3, 'admin', '0001_initial', '2023-10-13 18:17:42.655298'),
	(4, 'admin', '0002_logentry_remove_auto_add', '2023-10-13 18:17:42.665298'),
	(5, 'admin', '0003_logentry_add_action_flag_choices', '2023-10-13 18:17:42.672292'),
	(6, 'contenttypes', '0002_remove_content_type_name', '2023-10-13 18:17:42.742097'),
	(7, 'auth', '0002_alter_permission_name_max_length', '2023-10-13 18:17:42.796969'),
	(8, 'auth', '0003_alter_user_email_max_length', '2023-10-13 18:17:42.821667'),
	(9, 'auth', '0004_alter_user_username_opts', '2023-10-13 18:17:42.829262'),
	(10, 'auth', '0005_alter_user_last_login_null', '2023-10-13 18:17:42.873154'),
	(11, 'auth', '0006_require_contenttypes_0002', '2023-10-13 18:17:42.877124'),
	(12, 'auth', '0007_alter_validators_add_error_messages', '2023-10-13 18:17:42.886063'),
	(13, 'auth', '0008_alter_user_username_max_length', '2023-10-13 18:17:42.913240'),
	(14, 'auth', '0009_alter_user_last_name_max_length', '2023-10-13 18:17:42.942285'),
	(15, 'auth', '0010_alter_group_name_max_length', '2023-10-13 18:17:42.967177'),
	(16, 'auth', '0011_update_proxy_permissions', '2023-10-13 18:17:42.976143'),
	(17, 'auth', '0012_alter_user_first_name_max_length', '2023-10-13 18:17:43.003305'),
	(18, 'production', '0001_initial', '2023-10-13 18:17:43.955093'),
	(19, 'sessions', '0001_initial', '2023-10-13 18:17:44.005374'),
	(20, 'production', '0002_delete_recipe', '2023-10-13 18:40:19.972493'),
	(21, 'production', '0003_recipe', '2023-10-13 18:40:36.323597'),
	(22, 'production', '0004_materialtype_deleted', '2023-10-13 22:35:08.841744'),
	(23, 'production', '0005_recipe_comment_recipe_deleted', '2023-10-14 16:26:03.872460'),
	(24, 'production', '0006_alter_detailingoods_detail_name', '2023-10-14 22:46:01.844865'),
	(25, 'production', '0007_imm', '2023-10-15 20:17:50.829814'),
	(26, 'production', '0008_productionrequest_remove_imm_in_work_and_more', '2023-10-17 18:25:16.569085'),
	(27, 'production', '0009_alter_productionreport_date_and_more', '2023-10-19 06:08:10.600621'),
	(28, 'production', '0010_productionforrequest', '2023-10-19 20:07:31.054695'),
	(29, 'production', '0011_productionreport_defect', '2023-10-21 12:00:13.045328'),
	(30, 'production', '0012_productionrequest_technical', '2023-10-21 23:37:20.373899'),
	(31, 'production', '0013_defectevent_defects_qualityreportdefects', '2023-10-22 12:25:53.938161'),
	(32, 'production', '0014_qualityreport_comment', '2023-10-22 20:31:15.624909'),
	(33, 'production', '0015_qualityreport_defect_event', '2023-10-22 22:13:32.941494'),
	(34, 'production', '0016_qualityforrequests', '2023-10-26 05:40:52.936842'),
	(35, 'production', '0017_rename_qualityforrequests_qualityforrequest', '2023-10-26 05:55:54.127495'),
	(36, 'production', '0018_productionreport_closed_productionreport_date_close_and_more', '2023-10-29 06:06:43.878657'),
	(37, 'production', '0019_qualityreport_quantity_approved_defect', '2023-10-30 18:47:31.984573'),
	(38, 'production', '0020_qualityreportdefects_date_create_and_more', '2023-10-31 21:56:16.166840');

-- Дамп данных таблицы production_unit.django_session: ~5 rows (приблизительно)
INSERT INTO `django_session` (`session_key`, `session_data`, `expire_date`) VALUES
	('4oisuu2iq5xenb6kpadt9kdwoi7hzr5m', '.eJxVjDsOwjAQBe_iGln-4B8lPWewdtc2DiBHipMKcXccKQW0b2bem0XY1hq3npc4JXZhkp1-NwR65raD9IB2nznNbV0m5LvCD9r5bU75dT3cv4MKvY7akUrBErqz1UWQAS-ERZGc8h6DNkHbokQuUMzgbuioC0mH1gNIQvb5AtlBN_8:1qrQZ5:Uz7K_r_7oIRuPGX5AAAOrkemMJBz9C2F2x-0hpA4kGU', '2023-10-27 22:23:27.458474'),
	('4p5tw7zclurt5te2zv69wsyv30wl2k7i', '.eJxVjDsOwjAQBe_iGln-4B8lPWewdtc2DiBHipMKcXccKQW0b2bem0XY1hq3npc4JXZhkp1-NwR65raD9IB2nznNbV0m5LvCD9r5bU75dT3cv4MKvY7akUrBErqz1UWQAS-ERZGc8h6DNkHbokQuUMzgbuioC0mH1gNIQvb5AtlBN_8:1qsnxl:cpwkt-dGnUE0MIMl3rO7dZ23lxuAFYP1mmJR3f2c4WY', '2023-10-31 17:34:37.384829'),
	('e2zkt7640ji9nb9rw5oa71168oshlpek', '.eJxVjDsOwjAQBe_iGln-4B8lPWewdtc2DiBHipMKcXccKQW0b2bem0XY1hq3npc4JXZhkp1-NwR65raD9IB2nznNbV0m5LvCD9r5bU75dT3cv4MKvY7akUrBErqz1UWQAS-ERZGc8h6DNkHbokQuUMzgbuioC0mH1gNIQvb5AtlBN_8:1qxBeR:-3bSAj4dAbo8tRhpKZJU6j7hPYjFzAg2hBO_qfbOuJE', '2023-11-12 19:40:47.433539'),
	('kxdbgcspit4vw8inu1lbuhuyz9zaukcz', '.eJxVjDsOwjAQBe_iGln-4B8lPWewdtc2DiBHipMKcXccKQW0b2bem0XY1hq3npc4JXZhkp1-NwR65raD9IB2nznNbV0m5LvCD9r5bU75dT3cv4MKvY7akUrBErqz1UWQAS-ERZGc8h6DNkHbokQuUMzgbuioC0mH1gNIQvb5AtlBN_8:1qro8h:ozie1BBlTitk0nJaR0n7_nVSTebk5JS3wYYNdBXnyhM', '2023-10-28 23:33:47.269332'),
	('vkun7c51sp5qnthubs74fu7dwt6ljh1o', '.eJxVjDsOwjAQBe_iGln-4B8lPWewdtc2DiBHipMKcXccKQW0b2bem0XY1hq3npc4JXZhkp1-NwR65raD9IB2nznNbV0m5LvCD9r5bU75dT3cv4MKvY7akUrBErqz1UWQAS-ERZGc8h6DNkHbokQuUMzgbuioC0mH1gNIQvb5AtlBN_8:1qrdl8:8dDLI0mCeQgk7IIhebaD3Cxu0zlOBf3ffaXncsuwqOg', '2023-10-28 12:28:46.021142');

-- Дамп данных таблицы production_unit.production_addmaterial: ~0 rows (приблизительно)

-- Дамп данных таблицы production_unit.production_color: ~104 rows (приблизительно)
INSERT INTO `production_color` (`id`, `color_id`, `pantone`, `color_name`, `color_code`, `deleted`, `color_scheme_id`) VALUES
	(1, '01', '7542', 'Пепельный', '#D9E1E2', 0, 3),
	(2, '02', 'Black', 'Антрацит', '#000000', 0, 3),
	(3, '03', '104', 'Горчичный', '#AF9800', 0, 3),
	(4, '04', '201', 'Кирпичный', '#9D2235', 0, 3),
	(5, '06', '2935', 'Голубой', '#0057B8', 0, 3),
	(6, '07', '288', 'Синий', '#002D72', 0, 3),
	(7, '09', '356', 'Зеленый', '#007A33', 0, 3),
	(8, '10', '315', 'Бирюзовый', '#00677F', 0, 3),
	(9, '12', '2415', 'Черничный', '#9E007E', 0, 3),
	(10, '14', '429', 'Графит', '#97999B', 0, 3),
	(11, '19', '216', 'Бордовый', '#7D2248', 0, 3),
	(12, '22', '523', 'Розовый', '#C9B1D0', 0, 3),
	(13, '25', '377', 'Фисташковый', '#7A9A01', 0, 3),
	(14, '01', 'White', 'Белый', '#EDEADE', 0, 2),
	(16, '03', '130', 'Желтый', '#FFB81C', 0, 2),
	(17, '04', '7427', 'Темно красный', '#971B2F', 0, 2),
	(18, '06', '2925', 'Голубой', '#009CDE', 0, 2),
	(19, '20', '2925', 'Голубой', '#009CDE', 0, 1),
	(20, '01', 'White', 'Белый', '#EDEADE', 0, 1),
	(21, '25', 'Black', 'Черный', '#000000', 0, 1),
	(22, '02', 'Black', 'Черный', '#000000', 0, 2),
	(23, '05', '1795', 'Красный', '#D22630', 0, 2),
	(24, '11', '1795', 'Красный', '#D22630', 0, 1),
	(27, '07', '288', 'Синий', '#002D72', 0, 2),
	(28, '08', '3308', 'Темно зеленый', '#034638', 0, 2),
	(29, '09', '355', 'Зеленый', '#009639', 0, 2),
	(30, '10', '321', 'Морская волна', '#008C95', 0, 2),
	(31, '11', '420', 'Серый', '#C7C9C7', 0, 2),
	(32, '12', '2425', 'Сиреневый', '#830065', 0, 2),
	(33, '13', '373', 'Бледно фисташковый', '#CDEA80', 0, 2),
	(34, '14', '423', 'Темно серый', '#898D8D', 0, 2),
	(35, '15', '809', 'Флюоресцентный желтый', '#e2e100', 0, 2),
	(36, '16', '805', 'Флюоресцентный розовый', '#FF535B', 0, 2),
	(37, '17', '173', 'Темно оранжевый', '#d4470f', 0, 2),
	(38, '19', '505', 'Бордовый', '#6e2636', 0, 2),
	(39, '20', '269', 'Фиолетовый', '#512d6d', 0, 2),
	(40, '22', '1765', 'Розовый', '#ffa3b5', 0, 2),
	(41, '23', '476', 'Коричневый', '#4E3227', 0, 2),
	(42, '24', 'Orange 21', 'Оранжевый', '#FE5000', 0, 2),
	(43, '25', '375', 'Фисташковый', '#8FD400', 0, 2),
	(44, '26', '7401', 'Бежевый', '#F2E3BC', 0, 2),
	(45, '02', '7401', 'Бежевый', '#F2E3BC', 0, 1),
	(46, '03', '423', 'Серый', '#898d8d', 0, 1),
	(47, '04', '1765', 'Розовый', '#ffa3b5', 0, 1),
	(48, '06', '514', 'Сиреневый', '#d982bf', 0, 1),
	(49, '07', '108', 'Желтый', '#fedb00', 0, 1),
	(50, '08', '1235', 'Темно желтый', '#ffb60f', 0, 1),
	(51, '09', '165', 'Оранжевый', '#FF6418', 0, 1),
	(53, '12', '188', 'Бордовый', '#7d212b', 0, 1),
	(54, '13', '477', 'Светло коричневый', '#785e54', 0, 1),
	(55, '14', '476', 'Коричневый', '#4E3227', 0, 1),
	(56, '15', '366', 'Бледно фисташковый', '#b7dd79', 0, 1),
	(57, '16', '356', 'Зеленый', '#007336', 0, 1),
	(58, '17', '3308', 'Темно зеленый', '#007336', 0, 1),
	(59, '18', '321', 'Морская волна', '#00858a', 0, 1),
	(60, '19', '375', 'Фисташковый', '#8FD400', 0, 1),
	(61, '22', '654', 'Синий', '#002C5F', 0, 1),
	(62, '26', 'Transparent White', 'Трансп. белый', '#CBDCCB', 0, 1),
	(63, '27', '387', 'Желтый неон', '#E3E935', 0, 1),
	(64, '28', '114', 'Желтый', '#f7e34a', 0, 1),
	(65, '29', '1635', 'Темно желтый', '#fa8f6b', 0, 1),
	(66, '30', '164', 'Оранжевый', '#fa803d', 0, 1),
	(67, '32', '187', 'Красный', '#a6192e', 0, 1),
	(68, '33', '240', 'Фуксия', '#c70a8f', 0, 1),
	(69, '35', '342', 'Зеленый', '#396E62', 0, 1),
	(70, '36', '321', 'Морская волна', '#00858a', 0, 1),
	(71, '37', '7453', 'Голубой', '#7ba6de', 0, 1),
	(72, '39', '294', 'Синий', '#003882', 0, 1),
	(73, '40', '2613', 'Фиолетовый', '#651f76', 0, 1),
	(74, '02', 'Black', 'Черный', '#000000', 0, 4),
	(75, '03', '1205', 'Желтый', '#f5e39e', 0, 4),
	(76, '06', '312', 'Голубой', '#00AAD2', 0, 4),
	(77, '13', '353', 'Салатовый', '#73de9e', 0, 4),
	(78, '20', '2645', 'Фиолетовый', '#b591d6', 0, 4),
	(79, '22', '1775', 'Розовый', '#ff8c9e', 0, 4),
	(80, '22/2', '7429', 'Бледно розовый', '#e2bccb', 0, 4),
	(81, '24', '163', 'Оранжевый', '#ff9d6e', 0, 4),
	(82, '301', 'AntiqueWhite', 'Крафт', '#eedfcc', 0, 3),
	(83, '10', '321', 'Морская волна', '#008C95', 0, 4),
	(84, '42', '871', 'Золото', '#84754e', 0, 4),
	(85, '30', 'Transp. White', 'прозрачный', '#ccdcce', 0, 4),
	(86, '03/137', '137', 'Желтый', '#FFA200', 0, 2),
	(87, 'G', 'none', 'Gold', 'none', 0, 2),
	(88, 'S', 'none', 'Silver/clip type', 'none', 0, 2),
	(89, 'A', 'none', 'clip type', 'none', 0, 2),
	(90, 'B', 'none', 'clip type', 'none', 0, 2),
	(91, 'C', 'none', 'clip type', 'none', 0, 2),
	(92, 'D', 'none', 'clip type', 'none', 0, 2),
	(94, '35', '187', 'Трансп. красный', '#a6192e', 0, 2),
	(95, '30', 'Transparent White', 'прозрачный', '#CBDCCB', 0, 2),
	(96, '25', '377', 'Фисташковый', '#7A9A01', 0, 4),
	(97, '09_7739', '7739', 'Зеленый СБЕР', '#309b42', 0, 4),
	(98, '10_7716', '7716', 'Морская волна СИБУР', '#009999', 0, 3),
	(99, '10_7716', '7716', 'Морская волна СИБУР', '#009999', 0, 4),
	(100, '00', 'No', 'Бесцветный', '#FFFFFF', 0, 1),
	(101, '00', 'No', 'Бесцветный', '#FFFFFF', 0, 2),
	(102, '00', 'No', 'Бесцветный', '#FFFFFF', 0, 3),
	(103, '00', 'No', 'Бесцветный', '#FFFFFF', 0, 4),
	(104, '02/14', 'BlackC', 'темно серый', '#111111', 0, 3),
	(105, '5487C', '	5487C', 'Sagebrush Green', '#5D7975', 0, 9),
	(106, '5625C', '5625C', 'Matte Green	', '#708573', 0, 9),
	(107, '7527C', '7527C', 'Coconut', '#D6D2C4', 0, 9),
	(108, '7619C', '7619C', 'Dust Red	', '#c04c36', 0, 9),
	(109, 'BlackC', 'BlackC', 'BlackC', '#2D2926', 0, 9);

-- Дамп данных таблицы production_unit.production_colorscheme: ~7 rows (приблизительно)
INSERT INTO `production_colorscheme` (`id`, `scheme_name`, `deleted`) VALUES
	(1, 'Italiano Vero', 0),
	(2, 'Grant', 0),
	(3, 'Tetra Pak', 0),
	(4, 'Зубные щетки', 0),
	(7, 'Резинка', 0),
	(8, 'MIR', 0),
	(9, 'Прочие', 0);

-- Дамп данных таблицы production_unit.production_country: ~2 rows (приблизительно)
INSERT INTO `production_country` (`id`, `name`, `deleted`) VALUES
	(1, 'Австрия', 0),
	(2, 'РФ', 0),
	(3, 'Германия', 0);

-- Дамп данных таблицы production_unit.production_defectevent: ~6 rows (приблизительно)
INSERT INTO `production_defectevent` (`id`, `name`, `deleted`) VALUES
	(1, 'сдробить в тираж', 0),
	(2, 'сдробить на склад', 0),
	(3, 'перебрать', 0),
	(4, 'оттереть', 0),
	(5, 'принять как 3 сорт', 0),
	(6, 'утилизировать', 0),
	(7, 'на склад принять', 0);

-- Дамп данных таблицы production_unit.production_defects: ~17 rows (приблизительно)
INSERT INTO `production_defects` (`id`, `name`, `deleted`) VALUES
	(1, 'облой', 0),
	(2, 'недолив', 0),
	(3, 'непрокрашено', 0),
	(4, 'пятно вокруг впрыска', 0),
	(5, 'недосушено', 0),
	(6, 'полосы', 0),
	(8, 'деформировано', 0),
	(9, 'волна по поверхности', 0),
	(10, 'несоответствует цвет', 0),
	(11, 'нет блеска', 0),
	(12, 'блестит шагрень', 0),
	(13, 'разнотон в тираже', 0),
	(14, 'разнотон комплекта', 0),
	(15, 'точка впрыска', 0),
	(16, 'грязные, пыльные', 0),
	(17, 'в масле, антифризе', 0),
	(18, 'холодный спай', 0),
	(19, 'без брака', 1);

-- Дамп данных таблицы production_unit.production_detailingoods: ~52 rows (приблизительно)
INSERT INTO `production_detailingoods` (`id`, `position`, `deleted`, `detail_name_id`, `goods_id`) VALUES
	(1, 1, 0, 1, 1),
	(2, 2, 0, 2, 1),
	(3, 3, 0, 7, 1),
	(4, 1, 0, 1, 2),
	(5, 2, 0, 2, 2),
	(6, 3, 0, 5, 2),
	(7, 1, 0, 3, 3),
	(8, 2, 0, 4, 3),
	(9, 3, 0, 6, 3),
	(10, 4, 0, 5, 3),
	(11, 5, 0, 14, 3),
	(12, 1, 0, 1, 25),
	(13, 2, 0, 2, 25),
	(14, 1, 0, 1, 26),
	(15, 2, 0, 2, 26),
	(16, 1, 0, 1, 27),
	(17, 2, 0, 2, 27),
	(18, 1, 0, 12, 29),
	(19, 2, 0, 13, 29),
	(20, 1, 0, 1, 12),
	(21, 2, 0, 9, 12),
	(22, 3, 0, 8, 12),
	(23, 1, 0, 1, 13),
	(24, 2, 0, 9, 13),
	(25, 1, 0, 1, 16),
	(26, 3, 0, 8, 16),
	(27, 1, 0, 1, 40),
	(28, 3, 0, 8, 40),
	(29, 3, 0, 8, 13),
	(30, 1, 0, 1, 15),
	(31, 1, 0, 1, 14),
	(32, 2, 0, 9, 14),
	(33, 3, 0, 8, 14),
	(34, 2, 0, 9, 16),
	(35, 1, 0, 1, 17),
	(36, 2, 0, 9, 17),
	(37, 3, 0, 8, 17),
	(38, 1, 0, 1, 11),
	(39, 3, 0, 8, 11),
	(40, 1, 0, 1, 7),
	(41, 2, 0, 2, 7),
	(42, 1, 0, 1, 8),
	(43, 2, 0, 2, 8),
	(44, 1, 0, 1, 10),
	(45, 2, 0, 2, 10),
	(46, 1, 0, 1, 9),
	(47, 2, 0, 2, 9),
	(48, 1, 0, 10, 6),
	(49, 2, 0, 11, 6),
	(50, 1, 0, 10, 5),
	(51, 2, 0, 11, 5),
	(52, 1, 0, 19, 34),
	(53, 1, 0, 17, 30),
	(54, 1, 0, 12, 28);

-- Дамп данных таблицы production_unit.production_detailname: ~21 rows (приблизительно)
INSERT INTO `production_detailname` (`id`, `name`, `deleted`) VALUES
	(1, 'корпус', 0),
	(2, 'насадка', 0),
	(3, 'корпус низ', 0),
	(4, 'корпус верх', 0),
	(5, 'клип', 0),
	(6, 'кнопка', 0),
	(7, 'механизм', 0),
	(8, 'колпачок', 0),
	(9, 'заглушка', 0),
	(10, 'верх', 0),
	(11, 'низ', 0),
	(12, 'кружка', 0),
	(13, 'блюдце', 0),
	(14, 'резинка', 0),
	(15, 'зажим', 0),
	(16, 'воронка', 0),
	(17, 'веер', 0),
	(18, 'монетница', 0),
	(19, 'шашка', 0),
	(20, 'диск', 0),
	(21, 'палитра', 0),
	(22, 'кювета', 0);

-- Дамп данных таблицы production_unit.production_goods: ~40 rows (приблизительно)
INSERT INTO `production_goods` (`id`, `name`, `article`, `details_quantity`, `deleted`, `color_scheme_id`) VALUES
	(1, 'Grant Automat', '101', 3, 0, 2),
	(2, 'Grant Arrow', '102', 3, 0, 2),
	(3, 'Grant Bolid', '105', 7, 0, 2),
	(4, 'Монетница Квадро', 'MR001', 1, 0, 2),
	(5, 'Монетница Арена', 'MR005', 2, 0, 2),
	(6, 'Монетница Форум', 'MR002', 2, 0, 2),
	(7, 'Каролина', '701', 2, 0, 1),
	(8, 'Каролина ПЭТ', '702', 2, 0, 1),
	(9, 'Каролина Фрост ПЭТ', '712', 2, 0, 1),
	(10, 'Каролина Солид Фрост', '711', 2, 0, 1),
	(11, 'Ручка из Тетрапак с гранями', '350', 2, 0, 3),
	(12, 'Ручка из Тетрапак круглая', '340', 3, 0, 3),
	(13, 'Ручка из зубных щеток', '343', 3, 0, 4),
	(14, 'Ручка из ПНД', '341', 3, 0, 3),
	(15, 'Ручка из rePET', '342', 1, 0, 3),
	(16, 'Ручка из ПВД', '346', 3, 0, 3),
	(17, 'Ручка из ПП', '347', 3, 0, 3),
	(18, 'Чехол на iPhone8 из ТетраПак', '370', 1, 0, 3),
	(19, 'Чехол на iPhone8 из Зубных щеток', '373', 1, 0, 4),
	(20, 'Воронка 100мм', '313', 1, 0, 3),
	(21, 'Воронка 120мм', '314', 1, 0, 3),
	(22, 'Зажим 65мм', '310', 1, 0, 3),
	(23, 'Зажим 115мм', '311', 1, 0, 3),
	(24, 'Зажим с ложкой', '312', 1, 0, 3),
	(25, 'Grant Prima', '115', 2, 0, 2),
	(26, 'Grant Spot', '120', 2, 0, 2),
	(27, 'Grant Spot Lux', '121', 2, 0, 2),
	(28, 'Кружка Lekker', '201', 1, 0, 2),
	(29, 'Кружка ViCoffe', '202', 2, 0, 2),
	(30, 'Веер', '230', 1, 0, 2),
	(31, 'Подставка под ручку из ТетраПак', '360', 1, 0, 3),
	(32, 'Подставка под ручку из ПП', '367', 1, 0, 4),
	(33, 'Мебельная заглушка', '401', 1, 0, 2),
	(34, 'Шашки', '501', 1, 0, 3),
	(35, 'Диск для блокнота', '3D5', 1, 0, 3),
	(36, 'Палитра', '420', 1, 0, 9),
	(37, 'кювета большая', '421', 1, 0, 2),
	(38, 'кювета средняя', '422', 1, 0, 2),
	(39, 'кювета малая', '423', 1, 0, 2),
	(40, 'Ручка из кофейной упаковки', '345', 2, 0, 3);

-- Дамп данных таблицы production_unit.production_imm: ~4 rows (приблизительно)
INSERT INTO `production_imm` (`id`, `plant_code`, `producer_code`, `account_code`, `name`, `imm_model`, `deleted`, `producer_id`) VALUES
	(1, '01', '7866 1083', '01.01.05', 'Extra', '100-430', 0, 1),
	(2, '04', '8030 0029', '01.01.08.00', 'Systec', '210/580-1450', 0, 1),
	(3, '05', '7363 0156', '01.01.10', 'Systec', '100/420-600', 0, 1),
	(4, '06', '7371 0019', '01.01.09', 'Systec', '120/470-600', 0, 1);

-- Дамп данных таблицы production_unit.production_mainmaterial: ~0 rows (приблизительно)

-- Дамп данных таблицы production_unit.production_masterbatch: ~0 rows (приблизительно)

-- Дамп данных таблицы production_unit.production_materialtype: ~11 rows (приблизительно)
INSERT INTO `production_materialtype` (`id`, `name`, `deleted`) VALUES
	(1, 'ABS', 0),
	(2, 'Полиал', 0),
	(3, 'Зубные Щетки', 0),
	(4, 'SAN', 0),
	(5, 'PP', 0),
	(6, 'PET-G', 0),
	(7, 'PET', 0),
	(8, 'ПВД', 0),
	(9, 'ПНД', 0),
	(10, 'Полиэстер', 0),
	(11, 'Кофейная Упаковка', 0);

-- Дамп данных таблицы production_unit.production_producer: ~0 rows (приблизительно)
INSERT INTO `production_producer` (`id`, `name`, `stock_address`, `phone`, `mail`, `contact`, `comment`, `deleted`, `country_id`) VALUES
	(1, 'Demag', ' Москва Кантемировская 65', '+7 (495) 937-97-67', 'info@shi-g.com', 'Денис Нестеров', NULL, 0, 3);

-- Дамп данных таблицы production_unit.production_productionforrequest: ~9 rows (приблизительно)

-- Дамп данных таблицы production_unit.production_productionreport: ~6 rows (приблизительно)

-- Дамп данных таблицы production_unit.production_productionrequest: ~26 rows (приблизительно)

-- Дамп данных таблицы production_unit.production_recipe: ~0 rows (приблизительно)

/*!40103 SET TIME_ZONE=IFNULL(@OLD_TIME_ZONE, 'system') */;
/*!40101 SET SQL_MODE=IFNULL(@OLD_SQL_MODE, '') */;
/*!40014 SET FOREIGN_KEY_CHECKS=IFNULL(@OLD_FOREIGN_KEY_CHECKS, 1) */;
/*!40101 SET CHARACTER_SET_CLIENT=@OLD_CHARACTER_SET_CLIENT */;
/*!40111 SET SQL_NOTES=IFNULL(@OLD_SQL_NOTES, 1) */;
